year,week,cases
1916,1,-
1916,2,-
1916,3,-
1916,4,-
1916,5,-
1916,6,-
1916,7,-
1916,8,-
1916,9,-
1916,10,-
1916,11,-
1916,12,-
1916,13,-
1916,14,-
1916,15,-
1916,16,-
1916,17,-
1916,18,-
1916,19,-
1916,20,-
1916,21,-
1916,22,-
1916,23,-
1916,24,-
1916,25,-
1916,26,-
1916,27,-
1916,28,-
1916,29,-
1916,30,-
1916,31,-
1916,32,-
1916,33,-
1916,34,-
1916,35,-
1916,36,-
1916,37,-
1916,38,-
1916,39,-
1916,40,-
1916,41,-
1916,42,-
1916,43,-
1916,44,-
1916,45,-
1916,46,-
1916,47,-
1916,48,-
1916,49,-
1916,50,-
1916,51,-
1916,52,-
1917,1,-
1917,2,-
1917,3,-
1917,4,-
1917,5,-
1917,6,-
1917,7,-
1917,8,-
1917,9,-
1917,10,-
1917,11,-
1917,12,-
1917,13,-
1917,14,-
1917,15,-
1917,16,-
1917,17,-
1917,18,-
1917,19,-
1917,20,-
1917,21,-
1917,22,-
1917,23,-
1917,24,-
1917,25,-
1917,26,-
1917,27,-
1917,28,-
1917,29,-
1917,30,-
1917,31,-
1917,32,-
1917,33,-
1917,34,-
1917,35,-
1917,36,-
1917,37,-
1917,38,-
1917,39,-
1917,40,-
1917,41,-
1917,42,-
1917,43,-
1917,44,-
1917,45,-
1917,46,-
1917,47,-
1917,48,-
1917,49,-
1917,50,-
1917,51,-
1917,52,-
1918,1,-
1918,2,-
1918,3,-
1918,4,-
1918,5,-
1918,6,-
1918,7,-
1918,8,-
1918,9,-
1918,10,-
1918,11,-
1918,12,-
1918,13,-
1918,14,-
1918,15,-
1918,16,-
1918,17,-
1918,18,-
1918,19,-
1918,20,-
1918,21,-
1918,22,-
1918,23,-
1918,24,-
1918,25,-
1918,26,-
1918,27,-
1918,28,-
1918,29,-
1918,30,-
1918,31,-
1918,32,-
1918,33,-
1918,34,-
1918,35,-
1918,36,-
1918,37,-
1918,38,-
1918,39,-
1918,40,-
1918,41,-
1918,42,-
1918,43,-
1918,44,-
1918,45,-
1918,46,-
1918,47,-
1918,48,-
1918,49,-
1918,50,-
1918,51,-
1918,52,-
1919,1,-
1919,2,-
1919,3,-
1919,4,-
1919,5,-
1919,6,-
1919,7,-
1919,8,-
1919,9,-
1919,10,-
1919,11,-
1919,12,-
1919,13,-
1919,14,-
1919,15,-
1919,16,-
1919,17,-
1919,18,-
1919,19,-
1919,20,-
1919,21,-
1919,22,-
1919,23,-
1919,24,-
1919,25,-
1919,26,-
1919,27,-
1919,28,-
1919,29,-
1919,30,-
1919,31,-
1919,32,-
1919,33,-
1919,34,-
1919,35,-
1919,36,-
1919,37,-
1919,38,-
1919,39,-
1919,40,-
1919,41,-
1919,42,-
1919,43,-
1919,44,-
1919,45,-
1919,46,-
1919,47,-
1919,48,-
1919,49,-
1919,50,-
1919,51,-
1919,52,-
1920,1,-
1920,2,-
1920,3,-
1920,4,-
1920,5,-
1920,6,-
1920,7,-
1920,8,-
1920,9,-
1920,10,-
1920,11,-
1920,12,-
1920,13,-
1920,14,-
1920,15,-
1920,16,-
1920,17,-
1920,18,-
1920,19,-
1920,20,-
1920,21,-
1920,22,-
1920,23,-
1920,24,-
1920,25,-
1920,26,-
1920,27,-
1920,28,-
1920,29,-
1920,30,-
1920,31,-
1920,32,-
1920,33,-
1920,34,-
1920,35,-
1920,36,-
1920,37,-
1920,38,-
1920,39,-
1920,40,-
1920,41,-
1920,42,-
1920,43,-
1920,44,-
1920,45,-
1920,46,-
1920,47,-
1920,48,-
1920,49,-
1920,50,-
1920,51,-
1920,52,-
1921,1,-
1921,2,-
1921,3,-
1921,4,-
1921,5,-
1921,6,-
1921,7,-
1921,8,-
1921,9,-
1921,10,-
1921,11,-
1921,12,-
1921,13,-
1921,14,-
1921,15,-
1921,16,-
1921,17,-
1921,18,-
1921,19,-
1921,20,-
1921,21,-
1921,22,-
1921,23,-
1921,24,-
1921,25,-
1921,26,-
1921,27,-
1921,28,-
1921,29,-
1921,30,-
1921,31,-
1921,32,-
1921,33,-
1921,34,-
1921,35,-
1921,36,-
1921,37,-
1921,38,-
1921,39,-
1921,40,-
1921,41,-
1921,42,-
1921,43,-
1921,44,-
1921,45,-
1921,46,-
1921,47,-
1921,48,-
1921,49,-
1921,50,-
1921,51,-
1921,52,-
1922,1,-
1922,2,-
1922,3,-
1922,4,-
1922,5,-
1922,6,-
1922,7,-
1922,8,-
1922,9,-
1922,10,-
1922,11,-
1922,12,-
1922,13,-
1922,14,-
1922,15,-
1922,16,-
1922,17,-
1922,18,-
1922,19,-
1922,20,-
1922,21,-
1922,22,-
1922,23,-
1922,24,-
1922,25,-
1922,26,-
1922,27,-
1922,28,-
1922,29,-
1922,30,-
1922,31,-
1922,32,-
1922,33,-
1922,34,-
1922,35,-
1922,36,-
1922,37,-
1922,38,-
1922,39,-
1922,40,-
1922,41,-
1922,42,-
1922,43,-
1922,44,-
1922,45,-
1922,46,-
1922,47,-
1922,48,-
1922,49,-
1922,50,-
1922,51,-
1922,52,-
1923,1,-
1923,2,-
1923,3,-
1923,4,-
1923,5,-
1923,6,-
1923,7,-
1923,8,-
1923,9,-
1923,10,-
1923,11,-
1923,12,-
1923,13,-
1923,14,-
1923,15,-
1923,16,-
1923,17,-
1923,18,-
1923,19,-
1923,20,-
1923,21,-
1923,22,-
1923,23,-
1923,24,-
1923,25,-
1923,26,-
1923,27,-
1923,28,-
1923,29,-
1923,30,-
1923,31,-
1923,32,-
1923,33,-
1923,34,-
1923,35,-
1923,36,-
1923,37,-
1923,38,-
1923,39,-
1923,40,-
1923,41,-
1923,42,-
1923,43,-
1923,44,-
1923,45,-
1923,46,-
1923,47,-
1923,48,-
1923,49,-
1923,50,-
1923,51,-
1923,52,-
1924,1,-
1924,2,-
1924,3,-
1924,4,-
1924,5,-
1924,6,-
1924,7,-
1924,8,-
1924,9,-
1924,10,-
1924,11,-
1924,12,-
1924,13,-
1924,14,-
1924,15,-
1924,16,-
1924,17,-
1924,18,-
1924,19,-
1924,20,-
1924,21,-
1924,22,-
1924,23,-
1924,24,-
1924,25,-
1924,26,-
1924,27,-
1924,28,-
1924,29,-
1924,30,-
1924,31,-
1924,32,-
1924,33,-
1924,34,-
1924,35,-
1924,36,-
1924,37,-
1924,38,-
1924,39,-
1924,40,-
1924,41,-
1924,42,-
1924,43,-
1924,44,-
1924,45,-
1924,46,-
1924,47,-
1924,48,-
1924,49,-
1924,50,-
1924,51,-
1924,52,-
1925,1,-
1925,2,-
1925,3,-
1925,4,-
1925,5,-
1925,6,-
1925,7,-
1925,8,-
1925,9,-
1925,10,-
1925,11,-
1925,12,-
1925,13,-
1925,14,-
1925,15,-
1925,16,-
1925,17,-
1925,18,-
1925,19,-
1925,20,-
1925,21,-
1925,22,-
1925,23,-
1925,24,-
1925,25,-
1925,26,-
1925,27,-
1925,28,-
1925,29,-
1925,30,-
1925,31,-
1925,32,-
1925,33,-
1925,34,-
1925,35,-
1925,36,-
1925,37,-
1925,38,-
1925,39,-
1925,40,-
1925,41,-
1925,42,-
1925,43,-
1925,44,-
1925,45,-
1925,46,-
1925,47,-
1925,48,-
1925,49,-
1925,50,-
1925,51,-
1925,52,-
1926,1,-
1926,2,-
1926,3,-
1926,4,-
1926,5,-
1926,6,-
1926,7,-
1926,8,-
1926,9,-
1926,10,-
1926,11,-
1926,12,-
1926,13,-
1926,14,-
1926,15,-
1926,16,-
1926,17,-
1926,18,-
1926,19,-
1926,20,-
1926,21,-
1926,22,-
1926,23,-
1926,24,-
1926,25,-
1926,26,-
1926,27,-
1926,28,-
1926,29,-
1926,30,-
1926,31,-
1926,32,-
1926,33,-
1926,34,-
1926,35,-
1926,36,-
1926,37,-
1926,38,-
1926,39,-
1926,40,-
1926,41,-
1926,42,-
1926,43,-
1926,44,-
1926,45,-
1926,46,-
1926,47,-
1926,48,-
1926,49,-
1926,50,-
1926,51,-
1926,52,-
1927,1,-
1927,2,-
1927,3,-
1927,4,-
1927,5,-
1927,6,-
1927,7,-
1927,8,-
1927,9,-
1927,10,-
1927,11,-
1927,12,-
1927,13,-
1927,14,-
1927,15,-
1927,16,-
1927,17,-
1927,18,-
1927,19,-
1927,20,-
1927,21,-
1927,22,-
1927,23,-
1927,24,-
1927,25,-
1927,26,-
1927,27,-
1927,28,-
1927,29,-
1927,30,-
1927,31,-
1927,32,-
1927,33,-
1927,34,-
1927,35,-
1927,36,-
1927,37,-
1927,38,-
1927,39,-
1927,40,-
1927,41,-
1927,42,-
1927,43,-
1927,44,-
1927,45,-
1927,46,-
1927,47,-
1927,48,-
1927,49,-
1927,50,-
1927,51,-
1927,52,-
1928,1,1
1928,2,1
1928,3,4
1928,4,-
1928,5,-
1928,6,3
1928,7,-
1928,8,2
1928,9,3
1928,10,-
1928,11,1
1928,12,1
1928,13,2
1928,14,2
1928,15,6
1928,16,5
1928,17,4
1928,18,14
1928,19,11
1928,20,10
1928,21,36
1928,22,34
1928,23,13
1928,24,5
1928,25,2
1928,26,4
1928,27,15
1928,28,38
1928,29,12
1928,30,2
1928,31,28
1928,32,1
1928,33,2
1928,34,5
1928,35,2
1928,36,1
1928,37,3
1928,38,1
1928,39,4
1928,40,11
1928,41,8
1928,42,14
1928,43,19
1928,44,10
1928,45,1
1928,46,49
1928,47,29
1928,48,83
1928,49,105
1928,50,72
1928,51,53
1928,52,25
1929,1,75
1929,2,72
1929,3,130
1929,4,139
1929,5,113
1929,6,214
1929,7,133
1929,8,116
1929,9,115
1929,10,149
1929,11,95
1929,12,130
1929,13,70
1929,14,110
1929,15,87
1929,16,66
1929,17,149
1929,18,375
1929,19,192
1929,20,81
1929,21,101
1929,22,35
1929,23,64
1929,24,30
1929,25,57
1929,26,15
1929,27,26
1929,28,-
1929,29,7
1929,30,14
1929,31,45
1929,32,33
1929,33,10
1929,34,34
1929,35,10
1929,36,1
1929,37,11
1929,38,5
1929,39,112
1929,40,81
1929,41,198
1929,42,114
1929,43,68
1929,44,147
1929,45,146
1929,46,55
1929,47,52
1929,48,56
1929,49,73
1929,50,22
1929,51,14
1929,52,38
1930,1,10
1930,2,29
1930,3,12
1930,4,32
1930,5,20
1930,6,18
1930,7,21
1930,8,25
1930,9,63
1930,10,31
1930,11,32
1930,12,33
1930,13,-
1930,14,4
1930,15,41
1930,16,5
1930,17,34
1930,18,3
1930,19,29
1930,20,10
1930,21,20
1930,22,10
1930,23,46
1930,24,25
1930,25,21
1930,26,3
1930,27,5
1930,28,2
1930,29,3
1930,30,7
1930,31,-
1930,32,4
1930,33,4
1930,34,1
1930,35,2
1930,36,6
1930,37,2
1930,38,1
1930,39,2
1930,40,-
1930,41,-
1930,42,1
1930,43,1
1930,44,3
1930,45,-
1930,46,1
1930,47,1
1930,48,5
1930,49,3
1930,50,-
1930,51,1
1930,52,1
1931,1,3
1931,2,3
1931,3,2
1931,4,4
1931,5,5
1931,6,1
1931,7,5
1931,8,1
1931,9,5
1931,10,1
1931,11,8
1931,12,7
1931,13,2
1931,14,72
1931,15,8
1931,16,7
1931,17,7
1931,18,14
1931,19,5
1931,20,13
1931,21,6
1931,22,37
1931,23,12
1931,24,8
1931,25,21
1931,26,3
1931,27,18
1931,28,10
1931,29,11
1931,30,22
1931,31,8
1931,32,6
1931,33,6
1931,34,13
1931,35,8
1931,36,6
1931,37,12
1931,38,3
1931,39,17
1931,40,10
1931,41,23
1931,42,25
1931,43,18
1931,44,71
1931,45,54
1931,46,60
1931,47,329
1931,48,126
1931,49,177
1931,50,104
1931,51,43
1931,52,98
1932,1,221
1932,2,117
1932,3,103
1932,4,80
1932,5,94
1932,6,30
1932,7,102
1932,8,56
1932,9,42
1932,10,81
1932,11,95
1932,12,113
1932,13,178
1932,14,138
1932,15,166
1932,16,73
1932,17,88
1932,18,100
1932,19,149
1932,20,117
1932,21,56
1932,22,43
1932,23,110
1932,24,166
1932,25,53
1932,26,38
1932,27,24
1932,28,6
1932,29,7
1932,30,56
1932,31,32
1932,32,15
1932,33,33
1932,34,106
1932,35,27
1932,36,29
1932,37,21
1932,38,45
1932,39,45
1932,40,93
1932,41,64
1932,42,208
1932,43,85
1932,44,79
1932,45,85
1932,46,153
1932,47,138
1932,48,371
1932,49,216
1932,50,449
1932,51,191
1932,52,256
1933,1,175
1933,2,194
1933,3,214
1933,4,152
1933,5,187
1933,6,149
1933,7,154
1933,8,105
1933,9,205
1933,10,94
1933,11,31
1933,12,57
1933,13,33
1933,14,44
1933,15,39
1933,16,42
1933,17,17
1933,18,38
1933,19,24
1933,20,56
1933,21,50
1933,22,28
1933,23,18
1933,24,20
1933,25,44
1933,26,38
1933,27,17
1933,28,2
1933,29,2
1933,30,8
1933,31,2
1933,32,2
1933,33,-
1933,34,1
1933,35,4
1933,36,1
1933,37,1
1933,38,2
1933,39,1
1933,40,1
1933,41,1
1933,42,4
1933,43,-
1933,44,3
1933,45,1
1933,46,-
1933,47,2
1933,48,-
1933,49,2
1933,50,2
1933,51,-
1933,52,3
1934,1,-
1934,2,4
1934,3,7
1934,4,11
1934,5,8
1934,6,27
1934,7,16
1934,8,32
1934,9,12
1934,10,57
1934,11,18
1934,12,62
1934,13,24
1934,14,46
1934,15,109
1934,16,40
1934,17,58
1934,18,108
1934,19,89
1934,20,97
1934,21,107
1934,22,25
1934,23,48
1934,24,37
1934,25,21
1934,26,4
1934,27,10
1934,28,13
1934,29,4
1934,30,11
1934,31,10
1934,32,14
1934,33,9
1934,34,8
1934,35,4
1934,36,12
1934,37,20
1934,38,1
1934,39,4
1934,40,49
1934,41,32
1934,42,47
1934,43,47
1934,44,106
1934,45,72
1934,46,36
1934,47,53
1934,48,18
1934,49,66
1934,50,81
1934,51,78
1934,52,68
1935,1,88
1935,2,108
1935,3,288
1935,4,56
1935,5,107
1935,6,223
1935,7,135
1935,8,237
1935,9,180
1935,10,111
1935,11,273
1935,12,309
1935,13,457
1935,14,601
1935,15,439
1935,16,609
1935,17,426
1935,18,445
1935,19,364
1935,20,592
1935,21,389
1935,22,282
1935,23,324
1935,24,202
1935,25,112
1935,26,85
1935,27,38
1935,28,35
1935,29,49
1935,30,15
1935,31,17
1935,32,8
1935,33,9
1935,34,4
1935,35,4
1935,36,3
1935,37,3
1935,38,8
1935,39,5
1935,40,14
1935,41,16
1935,42,27
1935,43,10
1935,44,-
1935,45,15
1935,46,22
1935,47,19
1935,48,16
1935,49,5
1935,50,15
1935,51,20
1935,52,5
1936,1,17
1936,2,9
1936,3,7
1936,4,54
1936,5,39
1936,6,20
1936,7,56
1936,8,30
1936,9,16
1936,10,18
1936,11,13
1936,12,13
1936,13,9
1936,14,15
1936,15,15
1936,16,6
1936,17,17
1936,18,17
1936,19,-
1936,20,5
1936,21,4
1936,22,8
1936,23,2
1936,24,14
1936,25,3
1936,26,4
1936,27,8
1936,28,2
1936,29,2
1936,30,5
1936,31,1
1936,32,1
1936,33,-
1936,34,-
1936,35,-
1936,36,-
1936,37,1
1936,38,1
1936,39,-
1936,40,2
1936,41,-
1936,42,1
1936,43,2
1936,44,1
1936,45,1
1936,46,4
1936,47,1
1936,48,4
1936,49,4
1936,50,-
1936,51,-
1936,52,-
1937,1,2
1937,2,1
1937,3,3
1937,4,4
1937,5,19
1937,6,7
1937,7,-
1937,8,2
1937,9,62
1937,10,46
1937,11,18
1937,12,60
1937,13,8
1937,14,39
1937,15,-
1937,16,19
1937,17,4
1937,18,27
1937,19,10
1937,20,29
1937,21,1
1937,22,3
1937,23,3
1937,24,5
1937,25,11
1937,26,4
1937,27,8
1937,28,8
1937,29,4
1937,30,10
1937,31,3
1937,32,3
1937,33,13
1937,34,3
1937,35,7
1937,36,2
1937,37,8
1937,38,3
1937,39,16
1937,40,10
1937,41,22
1937,42,2
1937,43,34
1937,44,13
1937,45,2
1937,46,23
1937,47,14
1937,48,10
1937,49,11
1937,50,1
1937,51,-
1937,52,2
1938,1,8
1938,2,1
1938,3,2
1938,4,6
1938,5,9
1938,6,5
1938,7,8
1938,8,30
1938,9,49
1938,10,80
1938,11,5
1938,12,73
1938,13,22
1938,14,20
1938,15,16
1938,16,23
1938,17,49
1938,18,35
1938,19,42
1938,20,62
1938,21,84
1938,22,90
1938,23,97
1938,24,56
1938,25,532
1938,26,4
1938,27,-
1938,28,23
1938,29,19
1938,30,14
1938,31,20
1938,32,13
1938,33,16
1938,34,290
1938,35,9
1938,36,9
1938,37,11
1938,38,48
1938,39,21
1938,40,32
1938,41,57
1938,42,50
1938,43,63
1938,44,1470
1938,45,140
1938,46,68
1938,47,95
1938,48,110
1938,49,124
1938,50,120
1938,51,1674
1938,52,281
1939,1,148
1939,2,207
1939,3,296
1939,4,3791
1939,5,579
1939,6,440
1939,7,366
1939,8,444
1939,9,363
1939,10,494
1939,11,304
1939,12,250
1939,13,166
1939,14,191
1939,15,235
1939,16,127
1939,17,111
1939,18,42
1939,19,334
1939,20,108
1939,21,232
1939,22,107
1939,23,154
1939,24,70
1939,25,72
1939,26,52
1939,27,45
1939,28,29
1939,29,42
1939,30,16
1939,31,12
1939,32,159
1939,33,37
1939,34,6
1939,35,11
1939,36,1
1939,37,5
1939,38,47
1939,39,15
1939,40,33
1939,41,-
1939,42,13
1939,43,71
1939,44,68
1939,45,8
1939,46,206
1939,47,16
1939,48,110
1939,49,128
1939,50,123
1939,51,14
1939,52,56
1940,1,15
1940,2,11
1940,3,12
1940,4,219
1940,5,321
1940,6,234
1940,7,202
1940,8,33
1940,9,22
1940,10,28
1940,11,168
1940,12,135
1940,13,101
1940,14,104
1940,15,129
1940,16,76
1940,17,107
1940,18,-
1940,19,57
1940,20,78
1940,21,81
1940,22,31
1940,23,86
1940,24,50
1940,25,61
1940,26,42
1940,27,38
1940,28,26
1940,29,25
1940,30,11
1940,31,15
1940,32,13
1940,33,-
1940,34,6
1940,35,10
1940,36,3
1940,37,3
1940,38,-
1940,39,16
1940,40,33
1940,41,17
1940,42,14
1940,43,7
1940,44,3
1940,45,1
1940,46,0
1940,47,4
1940,48,4
1940,49,6
1940,50,4
1940,51,-
1940,52,3
1941,1,2
1941,2,7
1941,3,5
1941,4,3
1941,5,4
1941,6,8
1941,7,6
1941,8,-
1941,9,9
1941,10,1
1941,11,5
1941,12,9
1941,13,44
1941,14,17
1941,15,49
1941,16,-
1941,17,30
1941,18,51
1941,19,35
1941,20,36
1941,21,72
1941,22,24
1941,23,40
1941,24,26
1941,25,9
1941,26,6
1941,27,7
1941,28,21
1941,29,6
1941,30,3
1941,31,0
1941,32,1
1941,33,-
1941,34,3
1941,35,3
1941,36,2
1941,37,3
1941,38,3
1941,39,14
1941,40,3
1941,41,11
1941,42,3
1941,43,-
1941,44,19
1941,45,15
1941,46,9
1941,47,26
1941,48,25
1941,49,52
1941,50,28
1941,51,80
1941,52,41
1942,1,52
1942,2,59
1942,3,54
1942,4,41
1942,5,168
1942,6,96
1942,7,168
1942,8,125
1942,9,-
1942,10,80
1942,11,87
1942,12,53
1942,13,150
1942,14,76
1942,15,106
1942,16,158
1942,17,158
1942,18,81
1942,19,207
1942,20,113
1942,21,85
1942,22,88
1942,23,148
1942,24,70
1942,25,74
1942,26,35
1942,27,44
1942,28,31
1942,29,14
1942,30,18
1942,31,19
1942,32,3
1942,33,11
1942,34,9
1942,35,6
1942,36,2
1942,37,0
1942,38,3
1942,39,1
1942,40,6
1942,41,-
1942,42,3
1942,43,14
1942,44,11
1942,45,4
1942,46,7
1942,47,13
1942,48,34
1942,49,95
1942,50,75
1942,51,26
1942,52,69
1943,1,38
1943,2,26
1943,3,54
1943,4,81
1943,5,163
1943,6,160
1943,7,248
1943,8,129
1943,9,162
1943,10,204
1943,11,343
1943,12,320
1943,13,262
1943,14,295
1943,15,152
1943,16,251
1943,17,197
1943,18,145
1943,19,134
1943,20,175
1943,21,202
1943,22,-
1943,23,110
1943,24,115
1943,25,98
1943,26,96
1943,27,69
1943,28,45
1943,29,-
1943,30,49
1943,31,28
1943,32,36
1943,33,21
1943,34,22
1943,35,24
1943,36,13
1943,37,-
1943,38,17
1943,39,51
1943,40,37
1943,41,52
1943,42,55
1943,43,70
1943,44,57
1943,45,78
1943,46,85
1943,47,-
1943,48,112
1943,49,103
1943,50,-
1943,51,126
1943,52,134
1944,1,-
1944,2,145
1944,3,297
1944,4,246
1944,5,218
1944,6,-
1944,7,253
1944,8,208
1944,9,186
1944,10,172
1944,11,105
1944,12,194
1944,13,262
1944,14,116
1944,15,124
1944,16,132
1944,17,-
1944,18,125
1944,19,126
1944,20,118
1944,21,74
1944,22,74
1944,23,43
1944,24,38
1944,25,-
1944,26,15
1944,27,8
1944,28,4
1944,29,3
1944,30,1
1944,31,2
1944,32,1
1944,33,11
1944,34,1
1944,35,0
1944,36,0
1944,37,2
1944,38,2
1944,39,1
1944,40,2
1944,41,2
1944,42,4
1944,43,2
1944,44,2
1944,45,2
1944,46,3
1944,47,49
1944,48,-
1944,49,3
1944,50,1
1944,51,1
1944,52,3
1945,1,2
1945,2,5
1945,3,150
1945,4,5
1945,5,4
1945,6,6
1945,7,8
1945,8,12
1945,9,6
1945,10,1
1945,11,17
1945,12,11
1945,13,136
1945,14,16
1945,15,17
1945,16,13
1945,17,14
1945,18,14
1945,19,19
1945,20,8
1945,21,45
1945,22,7
1945,23,7
1945,24,4
1945,25,5
1945,26,4
1945,27,3
1945,28,4
1945,29,-
1945,30,1
1945,31,2
1945,32,9
1945,33,3
1945,34,2
1945,35,24
1945,36,0
1945,37,6
1945,38,18
1945,39,63
1945,40,45
1945,41,9
1945,42,22
1945,43,17
1945,44,17
1945,45,30
1945,46,10
1945,47,-
1945,48,-
1945,49,6
1945,50,-
1945,51,8
1945,52,2
1946,1,2
1946,2,8
1946,3,8
1946,4,10
1946,5,15
1946,6,55
1946,7,57
1946,8,11
1946,9,11
1946,10,23
1946,11,23
1946,12,19
1946,13,45
1946,14,45
1946,15,70
1946,16,64
1946,17,48
1946,18,54
1946,19,85
1946,20,182
1946,21,55
1946,22,188
1946,23,153
1946,24,104
1946,25,93
1946,26,60
1946,27,61
1946,28,52
1946,29,22
1946,30,36
1946,31,10
1946,32,9
1946,33,32
1946,34,10
1946,35,14
1946,36,16
1946,37,13
1946,38,10
1946,39,3
1946,40,20
1946,41,1
1946,42,5
1946,43,20
1946,44,49
1946,45,18
1946,46,45
1946,47,12
1946,48,30
1946,49,25
1946,50,70
1946,51,48
1946,52,55
1947,1,-
1947,2,188
1947,3,135
1947,4,122
1947,5,230
1947,6,233
1947,7,256
1947,8,145
1947,9,188
1947,10,212
1947,11,147
1947,12,136
1947,13,137
1947,14,105
1947,15,162
1947,16,164
1947,17,96
1947,18,140
1947,19,99
1947,20,43
1947,21,92
1947,22,50
1947,23,76
1947,24,81
1947,25,91
1947,26,37
1947,27,50
1947,28,29
1947,29,31
1947,30,-
1947,31,24
1947,32,15
1947,33,10
1947,34,9
1947,35,5
1947,36,10
1947,37,6
1947,38,9
1947,39,16
1947,40,23
1947,41,21
1947,42,37
1947,43,65
1947,44,40
1947,45,54
1947,46,66
1947,47,91
1947,48,82
1947,49,195
1947,50,57
1947,51,113
1947,52,56
1948,1,87
1948,2,41
1948,3,97
1948,4,163
1948,5,120
1948,6,166
1948,7,110
1948,8,151
1948,9,-
1948,10,100
1948,11,62
1948,12,56
1948,13,39
1948,14,64
1948,15,28
1948,16,74
1948,17,14
1948,18,121
1948,19,82
1948,20,-
1948,21,41
1948,22,-
1948,23,32
1948,24,32
1948,25,19
1948,26,14
1948,27,8
1948,28,-
1948,29,-
1948,30,-
1948,31,19
1948,32,7
1948,33,-
1948,34,-
1948,35,-
1948,36,1
1948,37,1
1948,38,4
1948,39,4
1948,40,4
1948,41,9
1948,42,13
1948,43,12
1948,44,7
1948,45,3
1948,46,6
1948,47,6
1948,48,11
1948,49,6
1948,50,9
1948,51,9
1948,52,-
1949,1,13
1949,2,22
1949,3,33
1949,4,50
1949,5,91
1949,6,42
1949,7,60
1949,8,82
1949,9,34
1949,10,70
1949,11,62
1949,12,14
1949,13,135
1949,14,50
1949,15,49
1949,16,153
1949,17,183
1949,18,161
1949,19,297
1949,20,306
1949,21,362
1949,22,282
1949,23,201
1949,24,140
1949,25,105
1949,26,81
1949,27,41
1949,28,34
1949,29,17
1949,30,43
1949,31,7
1949,32,12
1949,33,18
1949,34,13
1949,35,2
1949,36,7
1949,37,4
1949,38,10
1949,39,22
1949,40,18
1949,41,34
1949,42,32
1949,43,34
1949,44,73
1949,45,45
1949,46,32
1949,47,56
1949,48,40
1949,49,92
1949,50,32
1949,51,29
1949,52,22
1950,1,-
1950,2,120
1950,3,67
1950,4,38
1950,5,77
1950,6,26
1950,7,34
1950,8,45
1950,9,124
1950,10,72
1950,11,89
1950,12,132
1950,13,104
1950,14,100
1950,15,86
1950,16,117
1950,17,122
1950,18,68
1950,19,-
1950,20,58
1950,21,56
1950,22,33
1950,23,28
1950,24,16
1950,25,34
1950,26,14
1950,27,-
1950,28,4
1950,29,9
1950,30,4
1950,31,1
1950,32,2
1950,33,4
1950,34,2
1950,35,2
1950,36,1
1950,37,3
1950,38,3
1950,39,13
1950,40,1
1950,41,3
1950,42,2
1950,43,4
1950,44,6
1950,45,7
1950,46,5
1950,47,2
1950,48,9
1950,49,21
1950,50,5
1950,51,7
1950,52,-
1951,1,7
1951,2,14
1951,3,11
1951,4,16
1951,5,19
1951,6,31
1951,7,38
1951,8,54
1951,9,80
1951,10,47
1951,11,64
1951,12,301
1951,13,72
1951,14,43
1951,15,38
1951,16,36
1951,17,45
1951,18,27
1951,19,72
1951,20,79
1951,21,81
1951,22,96
1951,23,69
1951,24,71
1951,25,94
1951,26,118
1951,27,53
1951,28,68
1951,29,51
1951,30,64
1951,31,41
1951,32,27
1951,33,19
1951,34,16
1951,35,10
1951,36,9
1951,37,22
1951,38,32
1951,39,6
1951,40,83
1951,41,80
1951,42,21
1951,43,35
1951,44,31
1951,45,24
1951,46,45
1951,47,47
1951,48,35
1951,49,41
1951,50,-
1951,51,-
1951,52,-
1952,1,82
1952,2,81
1952,3,144
1952,4,163
1952,5,53
1952,6,61
1952,7,111
1952,8,78
1952,9,-
1952,10,146
1952,11,65
1952,12,113
1952,13,119
1952,14,61
1952,15,74
1952,16,124
1952,17,298
1952,18,-
1952,19,63
1952,20,470
1952,21,353
1952,22,114
1952,23,-
1952,24,64
1952,25,77
1952,26,49
1952,27,40
1952,28,57
1952,29,59
1952,30,38
1952,31,22
1952,32,26
1952,33,19
1952,34,20
1952,35,30
1952,36,7
1952,37,34
1952,38,21
1952,39,17
1952,40,3
1952,41,63
1952,42,20
1952,43,24
1952,44,50
1952,45,26
1952,46,45
1952,47,48
1952,48,30
1952,49,64
1952,50,61
1952,51,30
1952,52,64
1953,1,3
1953,2,73
1953,3,61
1953,4,28
1953,5,231
1953,6,148
1953,7,142
1953,8,105
1953,9,79
1953,10,93
1953,11,68
1953,12,86
1953,13,106
1953,14,107
1953,15,65
1953,16,81
1953,17,96
1953,18,32
1953,19,226
1953,20,92
1953,21,91
1953,22,31
1953,23,56
1953,24,69
1953,25,45
1953,26,73
1953,27,17
1953,28,10
1953,29,5
1953,30,10
1953,31,10
1953,32,10
1953,33,3
1953,34,7
1953,35,6
1953,36,2
1953,37,4
1953,38,8
1953,39,8
1953,40,12
1953,41,109
1953,42,88
1953,43,49
1953,44,13
1953,45,68
1953,46,16
1953,47,-
1953,48,178
1953,49,121
1953,50,72
1953,51,-
1953,52,-
1954,1,224
1954,2,104
1954,3,97
1954,4,56
1954,5,150
1954,6,99
1954,7,166
1954,8,129
1954,9,84
1954,10,63
1954,11,117
1954,12,87
1954,13,137
1954,14,71
1954,15,53
1954,16,98
1954,17,61
1954,18,297
1954,19,280
1954,20,418
1954,21,250
1954,22,270
1954,23,360
1954,24,258
1954,25,207
1954,26,90
1954,27,165
1954,28,40
1954,29,82
1954,30,50
1954,31,25
1954,32,12
1954,33,1
1954,34,13
1954,35,-
1954,36,4
1954,37,17
1954,38,10
1954,39,-
1954,40,5
1954,41,3
1954,42,1
1954,43,2
1954,44,4
1954,45,1
1954,46,-
1954,47,1
1954,48,2
1954,49,1
1954,50,1
1954,51,-
1954,52,14
1955,1,18
1955,2,31
1955,3,24
1955,4,4
1955,5,13
1955,6,11
1955,7,-
1955,8,27
1955,9,5
1955,10,11
1955,11,3
1955,12,8
1955,13,2
1955,14,65
1955,15,26
1955,16,18
1955,17,25
1955,18,29
1955,19,44
1955,20,68
1955,21,64
1955,22,66
1955,23,157
1955,24,132
1955,25,63
1955,26,-
1955,27,96
1955,28,131
1955,29,84
1955,30,111
1955,31,20
1955,32,42
1955,33,62
1955,34,4
1955,35,-
1955,36,14
1955,37,13
1955,38,17
1955,39,45
1955,40,7
1955,41,46
1955,42,75
1955,43,173
1955,44,127
1955,45,179
1955,46,54
1955,47,113
1955,48,82
1955,49,99
1955,50,-
1955,51,180
1955,52,173
1956,1,106
1956,2,140
1956,3,126
1956,4,280
1956,5,210
1956,6,226
1956,7,207
1956,8,253
1956,9,247
1956,10,328
1956,11,389
1956,12,519
1956,13,-
1956,14,340
1956,15,333
1956,16,214
1956,17,271
1956,18,268
1956,19,165
1956,20,353
1956,21,265
1956,22,156
1956,23,101
1956,24,134
1956,25,170
1956,26,99
1956,27,91
1956,28,75
1956,29,42
1956,30,33
1956,31,31
1956,32,11
1956,33,5
1956,34,5
1956,35,5
1956,36,8
1956,37,3
1956,38,4
1956,39,7
1956,40,9
1956,41,6
1956,42,20
1956,43,12
1956,44,1
1956,45,32
1956,46,35
1956,47,73
1956,48,40
1956,49,49
1956,50,73
1956,51,66
1956,52,33
1957,1,99
1957,2,79
1957,3,125
1957,4,37
1957,5,67
1957,6,66
1957,7,94
1957,8,92
1957,9,57
1957,10,43
1957,11,28
1957,12,71
1957,13,93
1957,14,22
1957,15,125
1957,16,51
1957,17,42
1957,18,85
1957,19,-
1957,20,-
1957,21,206
1957,22,83
1957,23,94
1957,24,119
1957,25,81
1957,26,79
1957,27,51
1957,28,41
1957,29,73
1957,30,31
1957,31,69
1957,32,23
1957,33,9
1957,34,39
1957,35,15
1957,36,38
1957,37,57
1957,38,45
1957,39,29
1957,40,21
1957,41,87
1957,42,33
1957,43,107
1957,44,38
1957,45,63
1957,46,43
1957,47,136
1957,48,124
1957,49,176
1957,50,155
1957,51,-
1957,52,85
1958,1,75
1958,2,97
1958,3,51
1958,4,93
1958,5,105
1958,6,142
1958,7,132
1958,8,184
1958,9,-
1958,10,137
1958,11,151
1958,12,236
1958,13,280
1958,14,198
1958,15,295
1958,16,359
1958,17,418
1958,18,428
1958,19,341
1958,20,218
1958,21,435
1958,22,-
1958,23,252
1958,24,200
1958,25,-
1958,26,119
1958,27,69
1958,28,67
1958,29,81
1958,30,142
1958,31,39
1958,32,21
1958,33,50
1958,34,7
1958,35,-
1958,36,106
1958,37,22
1958,38,13
1958,39,52
1958,40,92
1958,41,72
1958,42,151
1958,43,99
1958,44,-
1958,45,152
1958,46,226
1958,47,113
1958,48,225
1958,49,-
1958,50,308
1958,51,-
1958,52,43
1959,1,232
1959,2,335
1959,3,-
1959,4,252
1959,5,277
1959,6,200
1959,7,-
1959,8,172
1959,9,408
1959,10,241
1959,11,247
1959,12,120
1959,13,276
1959,14,82
1959,15,91
1959,16,-
1959,17,78
1959,18,75
1959,19,115
1959,20,47
1959,21,107
1959,22,81
1959,23,24
1959,24,25
1959,25,-
1959,26,-
1959,27,29
1959,28,26
1959,29,18
1959,30,20
1959,31,8
1959,32,-
1959,33,-
1959,34,15
1959,35,-
1959,36,-
1959,37,7
1959,38,13
1959,39,12
1959,40,-
1959,41,19
1959,42,-
1959,43,60
1959,44,44
1959,45,73
1959,46,78
1959,47,-
1959,48,62
1959,49,69
1959,50,63
1959,51,84
1959,52,-
1960,1,-
1960,2,80
1960,3,67
1960,4,-
1960,5,-
1960,6,113
1960,7,-
1960,8,47
1960,9,62
1960,10,64
1960,11,41
1960,12,88
1960,13,66
1960,14,93
1960,15,-
1960,16,65
1960,17,-
1960,18,58
1960,19,74
1960,20,140
1960,21,78
1960,22,74
1960,23,63
1960,24,55
1960,25,78
1960,26,26
1960,27,28
1960,28,22
1960,29,47
1960,30,13
1960,31,43
1960,32,28
1960,33,17
1960,34,4
1960,35,5
1960,36,21
1960,37,16
1960,38,4
1960,39,-
1960,40,8
1960,41,10
1960,42,11
1960,43,18
1960,44,20
1960,45,13
1960,46,22
1960,47,25
1960,48,40
1960,49,25
1960,50,189
1960,51,29
1960,52,42
1961,1,42
1961,2,79
1961,3,30
1961,4,49
1961,5,46
1961,6,55
1961,7,28
1961,8,87
1961,9,83
1961,10,68
1961,11,75
1961,12,63
1961,13,75
1961,14,71
1961,15,-
1961,16,15
1961,17,35
1961,18,50
1961,19,35
1961,20,56
1961,21,49
1961,22,33
1961,23,40
1961,24,39
1961,25,47
1961,26,-
1961,27,64
1961,28,20
1961,29,30
1961,30,38
1961,31,27
1961,32,15
1961,33,17
1961,34,-
1961,35,-
1961,36,8
1961,37,6
1961,38,24
1961,39,1
1961,40,29
1961,41,43
1961,42,-
1961,43,-
1961,44,55
1961,45,115
1961,46,100
1961,47,-
1961,48,47
1961,49,120
1961,50,161
1961,51,51
1961,52,49
1962,1,-
1962,2,131
1962,3,138
1962,4,-
1962,5,253
1962,6,213
1962,7,209
1962,8,233
1962,9,223
1962,10,267
1962,11,163
1962,12,490
1962,13,228
1962,14,242
1962,15,369
1962,16,255
1962,17,276
1962,18,480
1962,19,648
1962,20,291
1962,21,348
1962,22,436
1962,23,157
1962,24,208
1962,25,104
1962,26,108
1962,27,136
1962,28,60
1962,29,77
1962,30,34
1962,31,62
1962,32,61
1962,33,33
1962,34,2
1962,35,9
1962,36,44
1962,37,20
1962,38,13
1962,39,15
1962,40,153
1962,41,52
1962,42,62
1962,43,176
1962,44,78
1962,45,25
1962,46,145
1962,47,76
1962,48,54
1962,49,28
1962,50,25
1962,51,124
1962,52,212
1963,1,244
1963,2,-
1963,3,221
1963,4,86
1963,5,132
1963,6,-
1963,7,64
1963,8,79
1963,9,-
1963,10,83
1963,11,125
1963,12,-
1963,13,145
1963,14,118
1963,15,94
1963,16,107
1963,17,104
1963,18,-
1963,19,53
1963,20,65
1963,21,74
1963,22,36
1963,23,66
1963,24,55
1963,25,57
1963,26,38
1963,27,56
1963,28,57
1963,29,39
1963,30,38
1963,31,26
1963,32,12
1963,33,24
1963,34,25
1963,35,16
1963,36,21
1963,37,19
1963,38,31
1963,39,34
1963,40,17
1963,41,58
1963,42,63
1963,43,55
1963,44,58
1963,45,113
1963,46,89
1963,47,167
1963,48,51
1963,49,29
1963,50,128
1963,51,-
1963,52,119
1964,1,55
1964,2,124
1964,3,48
1964,4,41
1964,5,68
1964,6,60
1964,7,66
1964,8,206
1964,9,105
1964,10,102
1964,11,101
1964,12,179
1964,13,71
1964,14,132
1964,15,124
1964,16,92
1964,17,130
1964,18,-
1964,19,146
1964,20,104
1964,21,146
1964,22,121
1964,23,78
1964,24,87
1964,25,87
1964,26,66
1964,27,49
1964,28,62
1964,29,66
1964,30,51
1964,31,45
1964,32,44
1964,33,18
1964,34,10
1964,35,10
1964,36,9
1964,37,11
1964,38,11
1964,39,24
1964,40,49
1964,41,38
1964,42,78
1964,43,51
1964,44,-
1964,45,177
1964,46,63
1964,47,156
1964,48,46
1964,49,172
1964,50,110
1964,51,-
1964,52,203
1965,1,232
1965,2,236
1965,3,102
1965,4,255
1965,5,292
1965,6,135
1965,7,75
1965,8,257
1965,9,162
1965,10,216
1965,11,219
1965,12,135
1965,13,142
1965,14,157
1965,15,90
1965,16,89
1965,17,88
1965,18,54
1965,19,65
1965,20,94
1965,21,75
1965,22,57
1965,23,110
1965,24,72
1965,25,55
1965,26,77
1965,27,42
1965,28,30
1965,29,34
1965,30,4
1965,31,17
1965,32,22
1965,33,6
1965,34,6
1965,35,5
1965,36,4
1965,37,3
1965,38,10
1965,39,7
1965,40,8
1965,41,7
1965,42,18
1965,43,30
1965,44,24
1965,45,7
1965,46,3
1965,47,14
1965,48,32
1965,49,20
1965,50,7
1965,51,10
1965,52,17
1966,1,32
1966,2,47
1966,3,24
1966,4,95
1966,5,35
1966,6,22
1966,7,31
1966,8,93
1966,9,29
1966,10,107
1966,11,100
1966,12,73
1966,13,41
1966,14,89
1966,15,49
1966,16,123
1966,17,83
1966,18,82
1966,19,106
1966,20,124
1966,21,92
1966,22,104
1966,23,59
1966,24,21
1966,25,60
1966,26,15
1966,27,49
1966,28,4
1966,29,10
1966,30,1
1966,31,1
1966,32,0
1966,33,1
1966,34,1
1966,35,5
1966,36,4
1966,37,1
1966,38,4
1966,39,3
1966,40,12
1966,41,6
1966,42,3
1966,43,7
1966,44,8
1966,45,15
1966,46,11
1966,47,8
1966,48,13
1966,49,-
1966,50,3
1966,51,20
1966,52,2
1967,1,45
1967,2,11
1967,3,32
1967,4,24
1967,5,12
1967,6,14
1967,7,15
1967,8,8
1967,9,6
1967,10,3
1967,11,4
1967,12,3
1967,13,1
1967,14,3
1967,15,2
1967,16,1
1967,17,20
1967,18,33
1967,19,1
1967,20,8
1967,21,3
1967,22,3
1967,23,4
1967,24,10
1967,25,6
1967,26,7
1967,27,0
1967,28,0
1967,29,0
1967,30,2
1967,31,0
1967,32,0
1967,33,4
1967,34,1
1967,35,0
1967,36,0
1967,37,0
1967,38,5
1967,39,2
1967,40,7
1967,41,7
1967,42,3
1967,43,12
1967,44,1
1967,45,0
1967,46,7
1967,47,2
1967,48,0
1967,49,3
1967,50,3
1967,51,3
1967,52,2
1968,1,-
1968,2,-
1968,3,1
1968,4,1
1968,5,4
1968,6,1
1968,7,2
1968,8,0
1968,9,52
1968,10,1
1968,11,0
1968,12,0
1968,13,0
1968,14,0
1968,15,1
1968,16,0
1968,17,0
1968,18,0
1968,19,0
1968,20,1
1968,21,0
1968,22,1
1968,23,1
1968,24,0
1968,25,0
1968,26,0
1968,27,0
1968,28,0
1968,29,0
1968,30,0
1968,31,1
1968,32,0
1968,33,0
1968,34,0
1968,35,0
1968,36,-
1968,37,0
1968,38,1
1968,39,0
1968,40,-
1968,41,0
1968,42,0
1968,43,0
1968,44,0
1968,45,0
1968,46,0
1968,47,0
1968,48,0
1968,49,0
1968,50,0
1968,51,0
1968,52,0
1969,1,-
1969,2,-
1969,3,-
1969,4,-
1969,5,-
1969,6,-
1969,7,-
1969,8,1
1969,9,1
1969,10,1
1969,11,-
1969,12,-
1969,13,0
1969,14,0
1969,15,1
1969,16,0
1969,17,0
1969,18,0
1969,19,0
1969,20,4
1969,21,0
1969,22,0
1969,23,0
1969,24,2
1969,25,0
1969,26,0
1969,27,0
1969,28,0
1969,29,1
1969,30,0
1969,31,0
1969,32,0
1969,33,0
1969,34,0
1969,35,0
1969,36,1
1969,37,0
1969,38,1
1969,39,0
1969,40,17
1969,41,0
1969,42,0
1969,43,27
1969,44,4
1969,45,8
1969,46,20
1969,47,0
1969,48,0
1969,49,16
1969,50,14
1969,51,0
1969,52,0
1970,1,-
1970,2,2
1970,3,0
1970,4,6
1970,5,0
1970,6,0
1970,7,0
1970,8,1
1970,9,0
1970,10,1
1970,11,0
1970,12,0
1970,13,3
1970,14,0
1970,15,1
1970,16,0
1970,17,0
1970,18,0
1970,19,0
1970,20,1
1970,21,0
1970,22,0
1970,23,5
1970,24,2
1970,25,0
1970,26,9
1970,27,0
1970,28,3
1970,29,6
1970,30,9
1970,31,3
1970,32,0
1970,33,1
1970,34,7
1970,35,1
1970,36,0
1970,37,1
1970,38,0
1970,39,0
1970,40,0
1970,41,0
1970,42,5
1970,43,33
1970,44,-
1970,45,1
1970,46,0
1970,47,0
1970,48,0
1970,49,9
1970,50,4
1970,51,0
1970,52,0
1971,1,7
1971,2,15
1971,3,4
1971,4,9
1971,5,24
1971,6,0
1971,7,33
1971,8,-
1971,9,18
1971,10,32
1971,11,25
1971,12,20
1971,13,88
1971,14,119
1971,15,99
1971,16,67
1971,17,58
1971,18,103
1971,19,13
1971,20,24
1971,21,13
1971,22,15
1971,23,10
1971,24,4
1971,25,1
1971,26,1
1971,27,0
1971,28,1
1971,29,0
1971,30,0
1971,31,1
1971,32,1
1971,33,4
1971,34,1
1971,35,1
1971,36,1
1971,37,0
1971,38,0
1971,39,0
1971,40,0
1971,41,0
1971,42,-
1971,43,-
1971,44,0
1971,45,0
1971,46,0
1971,47,0
1971,48,0
1971,49,0
1971,50,0
1971,51,0
1971,52,0
1972,1,-
1972,2,-
1972,3,-
1972,4,0
1972,5,3
1972,6,0
1972,7,2
1972,8,3
1972,9,2
1972,10,0
1972,11,1
1972,12,0
1972,13,0
1972,14,0
1972,15,0
1972,16,0
1972,17,0
1972,18,0
1972,19,0
1972,20,0
1972,21,0
1972,22,0
1972,23,0
1972,24,0
1972,25,0
1972,26,0
1972,27,0
1972,28,0
1972,29,0
1972,30,0
1972,31,0
1972,32,3
1972,33,0
1972,34,-
1972,35,-
1972,36,1
1972,37,0
1972,38,0
1972,39,0
1972,40,0
1972,41,0
1972,42,0
1972,43,0
1972,44,0
1972,45,0
1972,46,0
1972,47,2
1972,48,0
1972,49,0
1972,50,0
1972,51,0
1972,52,0
1973,1,-
1973,2,-
1973,3,1
1973,4,0
1973,5,0
1973,6,0
1973,7,0
1973,8,0
1973,9,0
1973,10,1
1973,11,0
1973,12,0
1973,13,2
1973,14,1
1973,15,7
1973,16,0
1973,17,0
1973,18,0
1973,19,0
1973,20,0
1973,21,0
1973,22,0
1973,23,0
1973,24,1
1973,25,0
1973,26,0
1973,27,0
1973,28,2
1973,29,0
1973,30,0
1973,31,1
1973,32,0
1973,33,0
1973,34,0
1973,35,0
1973,36,1
1973,37,0
1973,38,-
1973,39,-
1973,40,0
1973,41,0
1973,42,0
1973,43,0
1973,44,106
1973,45,48
1973,46,40
1973,47,12
1973,48,37
1973,49,32
1973,50,12
1973,51,33
1973,52,21
1974,1,-
1974,2,67
1974,3,18
1974,4,9
1974,5,1
1974,6,8
1974,7,4
1974,8,2
1974,9,1
1974,10,0
1974,11,0
1974,12,9
1974,13,29
1974,14,25
1974,15,20
1974,16,20
1974,17,1
1974,18,22
1974,19,67
1974,20,0
1974,21,11
1974,22,12
1974,23,-
1974,24,6
1974,25,1
1974,26,9
1974,27,0
1974,28,2
1974,29,1
1974,30,0
1974,31,0
1974,32,0
1974,33,0
1974,34,0
1974,35,0
1974,36,1
1974,37,0
1974,38,-
1974,39,-
1974,40,0
1974,41,0
1974,42,0
1974,43,0
1974,44,0
1974,45,0
1974,46,0
1974,47,0
1974,48,0
1974,49,0
1974,50,0
1974,51,0
1974,52,0
1975,1,-
1975,2,-
1975,3,-
1975,4,-
1975,5,-
1975,6,-
1975,7,-
1975,8,-
1975,9,-
1975,10,-
1975,11,-
1975,12,-
1975,13,-
1975,14,-
1975,15,-
1975,16,-
1975,17,6
1975,18,1
1975,19,2
1975,20,2
1975,21,0
1975,22,13
1975,23,2
1975,24,9
1975,25,0
1975,26,3
1975,27,2
1975,28,1
1975,29,1
1975,30,2
1975,31,0
1975,32,1
1975,33,8
1975,34,0
1975,35,0
1975,36,0
1975,37,0
1975,38,0
1975,39,0
1975,40,0
1975,41,0
1975,42,0
1975,43,0
1975,44,0
1975,45,0
1975,46,0
1975,47,0
1975,48,0
1975,49,0
1975,50,0
1975,51,0
1975,52,0
1976,1,-
1976,2,-
1976,3,-
1976,4,-
1976,5,17
1976,6,2
1976,7,0
1976,8,0
1976,9,20
1976,10,7
1976,11,3
1976,12,16
1976,13,7
1976,14,44
1976,15,24
1976,16,19
1976,17,24
1976,18,5
1976,19,0
1976,20,18
1976,21,6
1976,22,9
1976,23,12
1976,24,5
1976,25,6
1976,26,2
1976,27,1
1976,28,0
1976,29,0
1976,30,0
1976,31,0
1976,32,0
1976,33,1
1976,34,1
1976,35,0
1976,36,0
1976,37,0
1976,38,0
1976,39,0
1976,40,0
1976,41,27
1976,42,15
1976,43,0
1976,44,5
1976,45,3
1976,46,2
1976,47,1
1976,48,40
1976,49,37
1976,50,10
1976,51,100
1976,52,18
1977,1,-
1977,2,35
1977,3,9
1977,4,19
1977,5,16
1977,6,45
1977,7,24
1977,8,93
1977,9,-
1977,10,-
1977,11,110
1977,12,30
1977,13,49
1977,14,24
1977,15,101
1977,16,37
1977,17,56
1977,18,41
1977,19,27
1977,20,52
1977,21,17
1977,22,23
1977,23,26
1977,24,9
1977,25,48
1977,26,6
1977,27,12
1977,28,6
1977,29,1
1977,30,2
1977,31,0
1977,32,3
1977,33,0
1977,34,3
1977,35,0
1977,36,2
1977,37,0
1977,38,0
1977,39,0
1977,40,0
1977,41,0
1977,42,0
1977,43,0
1977,44,0
1977,45,0
1977,46,1
1977,47,0
1977,48,0
1977,49,0
1977,50,0
1977,51,7
1977,52,2
1978,1,18
1978,2,4
1978,3,0
1978,4,0
1978,5,0
1978,6,0
1978,7,0
1978,8,0
1978,9,0
1978,10,3
1978,11,4
1978,12,0
1978,13,26
1978,14,7
1978,15,10
1978,16,4
1978,17,1
1978,18,3
1978,19,4
1978,20,11
1978,21,0
1978,22,2
1978,23,1
1978,24,6
1978,25,0
1978,26,0
1978,27,0
1978,28,0
1978,29,0
1978,30,0
1978,31,0
1978,32,3
1978,33,0
1978,34,0
1978,35,0
1978,36,0
1978,37,0
1978,38,0
1978,39,0
1978,40,0
1978,41,0
1978,42,-
1978,43,-
1978,44,0
1978,45,0
1978,46,0
1978,47,0
1978,48,0
1978,49,1
1978,50,1
1978,51,0
1978,52,0
1979,1,2
1979,2,1
1979,3,3
1979,4,2
1979,5,6
1979,6,1
1979,7,0
1979,8,1
1979,9,0
1979,10,2
1979,11,0
1979,12,4
1979,13,1
1979,14,7
1979,15,14
1979,16,2
1979,17,3
1979,18,0
1979,19,-
1979,20,1
1979,21,4
1979,22,1
1979,23,0
1979,24,2
1979,25,0
1979,26,0
1979,27,0
1979,28,0
1979,29,2
1979,30,0
1979,31,0
1979,32,0
1979,33,0
1979,34,0
1979,35,0
1979,36,0
1979,37,0
1979,38,0
1979,39,0
1979,40,0
1979,41,0
1979,42,0
1979,43,0
1979,44,3
1979,45,0
1979,46,0
1979,47,0
1979,48,0
1979,49,0
1979,50,0
1979,51,-
1979,52,0
1980,1,-
1980,2,-
1980,3,-
1980,4,-
1980,5,-
1980,6,-
1980,7,-
1980,8,-
1980,9,-
1980,10,1
1980,11,0
1980,12,0
1980,13,0
1980,14,0
1980,15,0
1980,16,0
1980,17,0
1980,18,0
1980,19,0
1980,20,0
1980,21,0
1980,22,0
1980,23,0
1980,24,0
1980,25,0
1980,26,0
1980,27,0
1980,28,0
1980,29,0
1980,30,0
1980,31,0
1980,32,0
1980,33,1
1980,34,0
1980,35,0
1980,36,0
1980,37,0
1980,38,0
1980,39,0
1980,40,0
1980,41,0
1980,42,0
1980,43,0
1980,44,0
1980,45,0
1980,46,0
1980,47,0
1980,48,0
1980,49,0
1980,50,0
1980,51,0
1980,52,-
1981,1,-
1981,2,-
1981,3,-
1981,4,-
1981,5,-
1981,6,-
1981,7,-
1981,8,-
1981,9,-
1981,10,-
1981,11,-
1981,12,-
1981,13,-
1981,14,-
1981,15,-
1981,16,-
1981,17,-
1981,18,-
1981,19,-
1981,20,-
1981,21,-
1981,22,-
1981,23,-
1981,24,-
1981,25,-
1981,26,-
1981,27,-
1981,28,-
1981,29,-
1981,30,-
1981,31,-
1981,32,-
1981,33,-
1981,34,-
1981,35,-
1981,36,-
1981,37,-
1981,38,-
1981,39,-
1981,40,-
1981,41,-
1981,42,-
1981,43,-
1981,44,-
1981,45,-
1981,46,-
1981,47,-
1981,48,-
1981,49,-
1981,50,-
1981,51,-
1981,52,-
1982,1,-
1982,2,-
1982,3,-
1982,4,-
1982,5,-
1982,6,-
1982,7,-
1982,8,-
1982,9,-
1982,10,-
1982,11,-
1982,12,-
1982,13,-
1982,14,-
1982,15,-
1982,16,-
1982,17,-
1982,18,-
1982,19,-
1982,20,-
1982,21,-
1982,22,-
1982,23,-
1982,24,-
1982,25,-
1982,26,-
1982,27,-
1982,28,-
1982,29,-
1982,30,-
1982,31,-
1982,32,-
1982,33,-
1982,34,-
1982,35,-
1982,36,-
1982,37,-
1982,38,-
1982,39,-
1982,40,-
1982,41,-
1982,42,-
1982,43,-
1982,44,-
1982,45,-
1982,46,-
1982,47,-
1982,48,-
1982,49,-
1982,50,-
1982,51,-
1982,52,-
1983,1,-
1983,2,-
1983,3,-
1983,4,-
1983,5,-
1983,6,-
1983,7,-
1983,8,-
1983,9,-
1983,10,-
1983,11,-
1983,12,-
1983,13,-
1983,14,-
1983,15,-
1983,16,-
1983,17,-
1983,18,-
1983,19,-
1983,20,-
1983,21,-
1983,22,-
1983,23,-
1983,24,-
1983,25,-
1983,26,-
1983,27,-
1983,28,-
1983,29,-
1983,30,-
1983,31,-
1983,32,-
1983,33,-
1983,34,-
1983,35,-
1983,36,-
1983,37,-
1983,38,-
1983,39,-
1983,40,-
1983,41,-
1983,42,-
1983,43,-
1983,44,-
1983,45,-
1983,46,-
1983,47,-
1983,48,-
1983,49,-
1983,50,-
1983,51,-
1983,52,-
1984,1,-
1984,2,-
1984,3,-
1984,4,-
1984,5,-
1984,6,-
1984,7,-
1984,8,-
1984,9,-
1984,10,-
1984,11,-
1984,12,-
1984,13,-
1984,14,-
1984,15,-
1984,16,-
1984,17,-
1984,18,-
1984,19,-
1984,20,-
1984,21,-
1984,22,-
1984,23,-
1984,24,-
1984,25,-
1984,26,-
1984,27,-
1984,28,-
1984,29,-
1984,30,-
1984,31,-
1984,32,-
1984,33,-
1984,34,-
1984,35,-
1984,36,-
1984,37,-
1984,38,-
1984,39,-
1984,40,-
1984,41,-
1984,42,-
1984,43,-
1984,44,-
1984,45,-
1984,46,-
1984,47,-
1984,48,-
1984,49,-
1984,50,-
1984,51,-
1984,52,-
1985,1,-
1985,2,-
1985,3,-
1985,4,-
1985,5,-
1985,6,-
1985,7,-
1985,8,30
1985,9,34
1985,10,35
1985,11,42
1985,12,2
1985,13,-
1985,14,5
1985,15,0
1985,16,1
1985,17,10
1985,18,5
1985,19,0
1985,20,0
1985,21,2
1985,22,0
1985,23,1
1985,24,0
1985,25,-
1985,26,0
1985,27,0
1985,28,0
1985,29,0
1985,30,0
1985,31,0
1985,32,0
1985,33,0
1985,34,0
1985,35,0
1985,36,0
1985,37,0
1985,38,0
1985,39,0
1985,40,0
1985,41,0
1985,42,0
1985,43,0
1985,44,0
1985,45,0
1985,46,0
1985,47,0
1985,48,0
1985,49,0
1985,50,0
1985,51,0
1985,52,0
1986,1,-
1986,2,-
1986,3,-
1986,4,-
1986,5,-
1986,6,-
1986,7,-
1986,8,-
1986,9,-
1986,10,-
1986,11,-
1986,12,-
1986,13,-
1986,14,-
1986,15,-
1986,16,-
1986,17,-
1986,18,-
1986,19,-
1986,20,-
1986,21,1
1986,22,-
1986,23,-
1986,24,1
1986,25,0
1986,26,0
1986,27,0
1986,28,0
1986,29,0
1986,30,-
1986,31,-
1986,32,-
1986,33,-
1986,34,-
1986,35,-
1986,36,-
1986,37,-
1986,38,-
1986,39,-
1986,40,-
1986,41,-
1986,42,-
1986,43,-
1986,44,-
1986,45,-
1986,46,-
1986,47,-
1986,48,-
1986,49,-
1986,50,-
1986,51,-
1986,52,-
1987,1,-
1987,2,-
1987,3,-
1987,4,-
1987,5,-
1987,6,-
1987,7,-
1987,8,-
1987,9,-
1987,10,-
1987,11,-
1987,12,-
1987,13,-
1987,14,-
1987,15,-
1987,16,-
1987,17,16
1987,18,26
1987,19,0
1987,20,20
1987,21,10
1987,22,23
1987,23,18
1987,24,11
1987,25,-
1987,26,0
1987,27,1
1987,28,0
1987,29,8
1987,30,4
1987,31,-
1987,32,0
1987,33,0
1987,34,0
1987,35,0
1987,36,0
1987,37,0
1987,38,0
1987,39,0
1987,40,0
1987,41,0
1987,42,0
1987,43,0
1987,44,0
1987,45,0
1987,46,0
1987,47,0
1987,48,0
1987,49,0
1987,50,0
1987,51,0
1987,52,0
1988,1,-
1988,2,-
1988,3,-
1988,4,-
1988,5,-
1988,6,-
1988,7,-
1988,8,-
1988,9,-
1988,10,-
1988,11,-
1988,12,-
1988,13,-
1988,14,-
1988,15,-
1988,16,-
1988,17,-
1988,18,-
1988,19,-
1988,20,-
1988,21,-
1988,22,-
1988,23,-
1988,24,-
1988,25,-
1988,26,-
1988,27,-
1988,28,-
1988,29,-
1988,30,-
1988,31,-
1988,32,7
1988,33,2
1988,34,0
1988,35,1
1988,36,0
1988,37,0
1988,38,-
1988,39,0
1988,40,0
1988,41,0
1988,42,7
1988,43,5
1988,44,0
1988,45,0
1988,46,0
1988,47,4
1988,48,17
1988,49,12
1988,50,13
1988,51,5
1988,52,4
1989,1,-
1989,2,13
1989,3,0
1989,4,0
1989,5,0
1989,6,0
1989,7,0
1989,8,0
1989,9,0
1989,10,0
1989,11,0
1989,12,0
1989,13,0
1989,14,0
1989,15,0
1989,16,0
1989,17,0
1989,18,0
1989,19,0
1989,20,0
1989,21,0
1989,22,0
1989,23,0
1989,24,0
1989,25,0
1989,26,0
1989,27,0
1989,28,0
1989,29,0
1989,30,0
1989,31,0
1989,32,0
1989,33,0
1989,34,0
1989,35,0
1989,36,0
1989,37,0
1989,38,0
1989,39,0
1989,40,0
1989,41,0
1989,42,0
1989,43,0
1989,44,0
1989,45,0
1989,46,0
1989,47,0
1989,48,0
1989,49,0
1989,50,0
1989,51,0
1989,52,0
1990,1,-
1990,2,-
1990,3,-
1990,4,-
1990,5,-
1990,6,-
1990,7,-
1990,8,-
1990,9,-
1990,10,-
1990,11,-
1990,12,-
1990,13,-
1990,14,-
1990,15,-
1990,16,-
1990,17,-
1990,18,-
1990,19,-
1990,20,-
1990,21,-
1990,22,-
1990,23,-
1990,24,-
1990,25,-
1990,26,-
1990,27,-
1990,28,-
1990,29,-
1990,30,-
1990,31,-
1990,32,-
1990,33,-
1990,34,-
1990,35,-
1990,36,-
1990,37,-
1990,38,-
1990,39,-
1990,40,-
1990,41,-
1990,42,-
1990,43,-
1990,44,-
1990,45,-
1990,46,-
1990,47,-
1990,48,-
1990,49,-
1990,50,-
1990,51,-
1990,52,-
1991,1,-
1991,2,-
1991,3,-
1991,4,-
1991,5,-
1991,6,-
1991,7,-
1991,8,-
1991,9,-
1991,10,-
1991,11,-
1991,12,-
1991,13,-
1991,14,-
1991,15,-
1991,16,-
1991,17,-
1991,18,-
1991,19,-
1991,20,-
1991,21,-
1991,22,-
1991,23,-
1991,24,-
1991,25,-
1991,26,-
1991,27,-
1991,28,-
1991,29,-
1991,30,-
1991,31,-
1991,32,-
1991,33,-
1991,34,-
1991,35,-
1991,36,-
1991,37,-
1991,38,-
1991,39,-
1991,40,-
1991,41,-
1991,42,-
1991,43,-
1991,44,-
1991,45,-
1991,46,-
1991,47,-
1991,48,-
1991,49,-
1991,50,-
1991,51,-
1991,52,-
1992,1,-
1992,2,-
1992,3,-
1992,4,-
1992,5,-
1992,6,-
1992,7,-
1992,8,-
1992,9,-
1992,10,-
1992,11,-
1992,12,-
1992,13,-
1992,14,-
1992,15,-
1992,16,-
1992,17,-
1992,18,-
1992,19,-
1992,20,-
1992,21,-
1992,22,-
1992,23,-
1992,24,-
1992,25,-
1992,26,-
1992,27,-
1992,28,-
1992,29,-
1992,30,-
1992,31,-
1992,32,-
1992,33,-
1992,34,-
1992,35,-
1992,36,-
1992,37,-
1992,38,-
1992,39,-
1992,40,-
1992,41,-
1992,42,-
1992,43,-
1992,44,-
1992,45,-
1992,46,-
1992,47,-
1992,48,-
1992,49,-
1992,50,-
1992,51,-
1992,52,-
1993,1,-
1993,2,-
1993,3,-
1993,4,-
1993,5,-
1993,6,-
1993,7,-
1993,8,-
1993,9,-
1993,10,-
1993,11,-
1993,12,-
1993,13,-
1993,14,-
1993,15,-
1993,16,-
1993,17,-
1993,18,-
1993,19,-
1993,20,-
1993,21,-
1993,22,-
1993,23,-
1993,24,-
1993,25,-
1993,26,-
1993,27,-
1993,28,-
1993,29,-
1993,30,-
1993,31,-
1993,32,-
1993,33,-
1993,34,-
1993,35,-
1993,36,-
1993,37,-
1993,38,-
1993,39,-
1993,40,-
1993,41,-
1993,42,-
1993,43,-
1993,44,-
1993,45,-
1993,46,-
1993,47,-
1993,48,-
1993,49,-
1993,50,-
1993,51,-
1993,52,-
1994,1,-
1994,2,-
1994,3,-
1994,4,-
1994,5,-
1994,6,-
1994,7,-
1994,8,-
1994,9,-
1994,10,-
1994,11,-
1994,12,-
1994,13,-
1994,14,-
1994,15,-
1994,16,-
1994,17,-
1994,18,-
1994,19,-
1994,20,-
1994,21,-
1994,22,-
1994,23,-
1994,24,-
1994,25,-
1994,26,-
1994,27,-
1994,28,-
1994,29,-
1994,30,-
1994,31,-
1994,32,-
1994,33,-
1994,34,-
1994,35,-
1994,36,-
1994,37,-
1994,38,-
1994,39,-
1994,40,-
1994,41,-
1994,42,-
1994,43,-
1994,44,-
1994,45,-
1994,46,-
1994,47,-
1994,48,-
1994,49,-
1994,50,-
1994,51,-
1994,52,-
1995,1,-
1995,2,-
1995,3,-
1995,4,-
1995,5,-
1995,6,-
1995,7,-
1995,8,-
1995,9,-
1995,10,-
1995,11,-
1995,12,-
1995,13,-
1995,14,-
1995,15,-
1995,16,-
1995,17,-
1995,18,-
1995,19,-
1995,20,-
1995,21,-
1995,22,-
1995,23,-
1995,24,-
1995,25,-
1995,26,-
1995,27,-
1995,28,-
1995,29,-
1995,30,-
1995,31,-
1995,32,-
1995,33,-
1995,34,-
1995,35,-
1995,36,-
1995,37,-
1995,38,-
1995,39,-
1995,40,-
1995,41,-
1995,42,-
1995,43,-
1995,44,-
1995,45,-
1995,46,-
1995,47,-
1995,48,-
1995,49,-
1995,50,-
1995,51,-
1995,52,-
1996,1,-
1996,2,-
1996,3,-
1996,4,-
1996,5,-
1996,6,-
1996,7,-
1996,8,-
1996,9,-
1996,10,-
1996,11,-
1996,12,-
1996,13,-
1996,14,-
1996,15,-
1996,16,-
1996,17,-
1996,18,-
1996,19,-
1996,20,-
1996,21,-
1996,22,-
1996,23,-
1996,24,-
1996,25,-
1996,26,-
1996,27,-
1996,28,-
1996,29,-
1996,30,-
1996,31,-
1996,32,-
1996,33,-
1996,34,-
1996,35,-
1996,36,-
1996,37,-
1996,38,-
1996,39,-
1996,40,-
1996,41,-
1996,42,-
1996,43,-
1996,44,-
1996,45,-
1996,46,-
1996,47,-
1996,48,-
1996,49,-
1996,50,-
1996,51,-
1996,52,-
1997,1,-
1997,2,-
1997,3,-
1997,4,-
1997,5,-
1997,6,-
1997,7,-
1997,8,-
1997,9,-
1997,10,-
1997,11,-
1997,12,-
1997,13,-
1997,14,-
1997,15,-
1997,16,-
1997,17,-
1997,18,-
1997,19,-
1997,20,-
1997,21,-
1997,22,-
1997,23,-
1997,24,-
1997,25,-
1997,26,-
1997,27,-
1997,28,-
1997,29,-
1997,30,-
1997,31,-
1997,32,-
1997,33,-
1997,34,-
1997,35,-
1997,36,-
1997,37,-
1997,38,-
1997,39,-
1997,40,-
1997,41,-
1997,42,-
1997,43,-
1997,44,-
1997,45,-
1997,46,-
1997,47,-
1997,48,-
1997,49,-
1997,50,-
1997,51,-
1997,52,-
1998,1,-
1998,2,-
1998,3,-
1998,4,-
1998,5,-
1998,6,-
1998,7,-
1998,8,-
1998,9,-
1998,10,-
1998,11,-
1998,12,-
1998,13,-
1998,14,-
1998,15,-
1998,16,-
1998,17,-
1998,18,-
1998,19,-
1998,20,-
1998,21,-
1998,22,-
1998,23,-
1998,24,-
1998,25,-
1998,26,-
1998,27,-
1998,28,-
1998,29,-
1998,30,-
1998,31,-
1998,32,-
1998,33,-
1998,34,-
1998,35,-
1998,36,-
1998,37,-
1998,38,-
1998,39,-
1998,40,-
1998,41,-
1998,42,-
1998,43,-
1998,44,-
1998,45,-
1998,46,-
1998,47,-
1998,48,-
1998,49,-
1998,50,-
1998,51,-
1998,52,-
1999,1,-
1999,2,-
1999,3,-
1999,4,-
1999,5,-
1999,6,-
1999,7,-
1999,8,-
1999,9,-
1999,10,-
1999,11,-
1999,12,-
1999,13,-
1999,14,-
1999,15,-
1999,16,-
1999,17,-
1999,18,-
1999,19,-
1999,20,-
1999,21,-
1999,22,-
1999,23,-
1999,24,-
1999,25,-
1999,26,-
1999,27,-
1999,28,-
1999,29,-
1999,30,-
1999,31,-
1999,32,-
1999,33,-
1999,34,-
1999,35,-
1999,36,-
1999,37,-
1999,38,-
1999,39,-
1999,40,-
1999,41,-
1999,42,-
1999,43,-
1999,44,-
1999,45,-
1999,46,-
1999,47,-
1999,48,-
1999,49,-
1999,50,-
1999,51,-
1999,52,-
2000,1,-
2000,2,-
2000,3,-
2000,4,-
2000,5,-
2000,6,-
2000,7,-
2000,8,-
2000,9,-
2000,10,-
2000,11,-
2000,12,-
2000,13,-
2000,14,-
2000,15,-
2000,16,-
2000,17,-
2000,18,-
2000,19,-
2000,20,-
2000,21,-
2000,22,-
2000,23,-
2000,24,-
2000,25,-
2000,26,-
2000,27,-
2000,28,-
2000,29,-
2000,30,-
2000,31,-
2000,32,-
2000,33,-
2000,34,-
2000,35,-
2000,36,-
2000,37,-
2000,38,-
2000,39,-
2000,40,-
2000,41,-
2000,42,-
2000,43,-
2000,44,-
2000,45,-
2000,46,-
2000,47,-
2000,48,-
2000,49,-
2000,50,-
2000,51,-
2000,52,-
2001,1,-
2001,2,-
2001,3,-
2001,4,-
2001,5,-
2001,6,-
2001,7,-
2001,8,-
2001,9,-
2001,10,-
2001,11,-
2001,12,-
2001,13,-
2001,14,-
2001,15,-
2001,16,-
2001,17,-
2001,18,-
2001,19,-
2001,20,-
2001,21,-
2001,22,-
2001,23,-
2001,24,-
2001,25,-
2001,26,-
2001,27,-
2001,28,-
2001,29,-
2001,30,-
2001,31,-
2001,32,-
2001,33,-
2001,34,-
2001,35,-
2001,36,-
2001,37,-
2001,38,-
2001,39,-
2001,40,-
2001,41,-
2001,42,-
2001,43,-
2001,44,-
2001,45,-
2001,46,-
2001,47,-
2001,48,-
2001,49,-
2001,50,-
2001,51,-
2001,52,-
2002,1,-
2002,2,-
2002,3,-
2002,4,-
2002,5,-
2002,6,-
2002,7,-
2002,8,-
2002,9,-
2002,10,-
2002,11,-
2002,12,-
2002,13,-
2002,14,-
2002,15,-
2002,16,-
2002,17,-
2002,18,-
2002,19,-
2002,20,-
2002,21,-
2002,22,-
2002,23,-
2002,24,-
2002,25,-
2002,26,-
2002,27,-
2002,28,-
2002,29,-
2002,30,-
2002,31,-
2002,32,-
2002,33,-
2002,34,-
2002,35,-
2002,36,-
2002,37,-
2002,38,-
2002,39,-
2002,40,-
2002,41,-
2002,42,-
2002,43,-
2002,44,-
2002,45,-
2002,46,-
2002,47,-
2002,48,-
2002,49,-
2002,50,-
2002,51,-
2002,52,-
2003,1,-
2003,2,-
2003,3,-
2003,4,-
2003,5,-
2003,6,-
2003,7,-
2003,8,-
2003,9,-
2003,10,-
2003,11,-
2003,12,-
2003,13,-
2003,14,-
2003,15,-
2003,16,-
2003,17,-
2003,18,-
2003,19,-
2003,20,-
2003,21,-
2003,22,-
2003,23,-
2003,24,-
2003,25,-
2003,26,-
2003,27,-
2003,28,-
2003,29,-
2003,30,-
2003,31,-
2003,32,-
2003,33,-
2003,34,-
2003,35,-
2003,36,-
2003,37,-
2003,38,-
2003,39,-
2003,40,-
2003,41,-
2003,42,-
2003,43,-
2003,44,-
2003,45,-
2003,46,-
2003,47,-
2003,48,-
2003,49,-
2003,50,-
2003,51,-
2003,52,-
2004,1,-
2004,2,-
2004,3,-
2004,4,-
2004,5,-
2004,6,-
2004,7,-
2004,8,-
2004,9,-
2004,10,-
2004,11,-
2004,12,-
2004,13,-
2004,14,-
2004,15,-
2004,16,-
2004,17,-
2004,18,-
2004,19,-
2004,20,-
2004,21,-
2004,22,-
2004,23,-
2004,24,-
2004,25,-
2004,26,-
2004,27,-
2004,28,-
2004,29,-
2004,30,-
2004,31,-
2004,32,-
2004,33,-
2004,34,-
2004,35,-
2004,36,-
2004,37,-
2004,38,-
2004,39,-
2004,40,-
2004,41,-
2004,42,-
2004,43,-
2004,44,-
2004,45,-
2004,46,-
2004,47,-
2004,48,-
2004,49,-
2004,50,-
2004,51,-
2004,52,-
2005,1,-
2005,2,-
2005,3,-
2005,4,-
2005,5,-
2005,6,-
2005,7,-
2005,8,-
2005,9,-
2005,10,-
2005,11,-
2005,12,-
2005,13,-
2005,14,-
2005,15,-
2005,16,-
2005,17,-
2005,18,-
2005,19,-
2005,20,-
2005,21,-
2005,22,-
2005,23,-
2005,24,-
2005,25,-
2005,26,-
2005,27,-
2005,28,-
2005,29,-
2005,30,-
2005,31,-
2005,32,-
2005,33,-
2005,34,-
2005,35,-
2005,36,-
2005,37,-
2005,38,-
2005,39,-
2005,40,-
2005,41,-
2005,42,-
2005,43,-
2005,44,-
2005,45,-
2005,46,-
2005,47,-
2005,48,-
2005,49,-
2005,50,-
2005,51,-
2005,52,-
2006,1,-
2006,2,-
2006,3,-
2006,4,-
2006,5,-
2006,6,-
2006,7,-
2006,8,-
2006,9,-
2006,10,-
2006,11,-
2006,12,-
2006,13,-
2006,14,-
2006,15,-
2006,16,-
2006,17,-
2006,18,-
2006,19,-
2006,20,-
2006,21,-
2006,22,-
2006,23,-
2006,24,-
2006,25,-
2006,26,-
2006,27,-
2006,28,-
2006,29,-
2006,30,-
2006,31,-
2006,32,-
2006,33,-
2006,34,-
2006,35,-
2006,36,-
2006,37,-
2006,38,-
2006,39,-
2006,40,-
2006,41,-
2006,42,-
2006,43,-
2006,44,-
2006,45,-
2006,46,-
2006,47,-
2006,48,-
2006,49,-
2006,50,-
2006,51,-
2006,52,-
2007,1,-
2007,2,-
2007,3,-
2007,4,-
2007,5,-
2007,6,-
2007,7,-
2007,8,-
2007,9,-
2007,10,-
2007,11,-
2007,12,-
2007,13,-
2007,14,-
2007,15,-
2007,16,-
2007,17,-
2007,18,-
2007,19,-
2007,20,-
2007,21,-
2007,22,-
2007,23,-
2007,24,-
2007,25,-
2007,26,-
2007,27,-
2007,28,-
2007,29,-
2007,30,-
2007,31,-
2007,32,-
2007,33,-
2007,34,-
2007,35,-
2007,36,-
2007,37,-
2007,38,-
2007,39,-
2007,40,-
2007,41,-
2007,42,-
2007,43,-
2007,44,-
2007,45,-
2007,46,-
2007,47,-
2007,48,-
2007,49,-
2007,50,-
2007,51,-
2007,52,-
2008,1,-
2008,2,-
2008,3,-
2008,4,-
2008,5,-
2008,6,-
2008,7,-
2008,8,-
2008,9,-
2008,10,-
2008,11,-
2008,12,-
2008,13,-
2008,14,-
2008,15,-
2008,16,-
2008,17,-
2008,18,-
2008,19,-
2008,20,-
2008,21,-
2008,22,-
2008,23,-
2008,24,-
2008,25,-
2008,26,-
2008,27,-
2008,28,-
2008,29,-
2008,30,-
2008,31,-
2008,32,-
2008,33,-
2008,34,-
2008,35,-
2008,36,-
2008,37,-
2008,38,-
2008,39,-
2008,40,-
2008,41,-
2008,42,-
2008,43,-
2008,44,-
2008,45,-
2008,46,-
2008,47,-
2008,48,-
2008,49,-
2008,50,-
2008,51,-
2008,52,-
2009,1,-
2009,2,-
2009,3,-
2009,4,-
2009,5,-
2009,6,-
2009,7,-
2009,8,-
2009,9,-
2009,10,-
2009,11,-
2009,12,-
2009,13,-
2009,14,-
2009,15,-
2009,16,-
2009,17,-
2009,18,-
2009,19,-
2009,20,-
2009,21,-
2009,22,-
2009,23,-
2009,24,-
2009,25,-
2009,26,-
2009,27,-
2009,28,-
2009,29,-
2009,30,-
2009,31,-
2009,32,-
2009,33,-
2009,34,-
2009,35,-
2009,36,-
2009,37,-
2009,38,-
2009,39,-
2009,40,-
2009,41,-
2009,42,-
2009,43,-
2009,44,-
2009,45,-
2009,46,-
2009,47,-
2009,48,-
2009,49,-
2009,50,-
2009,51,-
2009,52,-
2010,1,-
2010,2,-
2010,3,-
2010,4,-
2010,5,-
2010,6,-
2010,7,-
2010,8,-
2010,9,-
2010,10,-
2010,11,-
2010,12,-
2010,13,-
2010,14,-
2010,15,-
2010,16,-
2010,17,-
2010,18,-
2010,19,-
2010,20,-
2010,21,-
2010,22,-
2010,23,-
2010,24,-
2010,25,-
2010,26,-
2010,27,-
2010,28,-
2010,29,-
2010,30,-
2010,31,-
2010,32,-
2010,33,-
2010,34,-
2010,35,-
2010,36,-
2010,37,-
2010,38,-
2010,39,-
2010,40,-
2010,41,-
2010,42,-
2010,43,-
2010,44,-
2010,45,-
2010,46,-
2010,47,-
2010,48,-
2010,49,-
2010,50,-
2010,51,-
2010,52,-
2011,1,-
2011,2,-
2011,3,-
2011,4,-
2011,5,-
2011,6,-
2011,7,-
2011,8,-
2011,9,-
2011,10,-
2011,11,-
2011,12,-
2011,13,-
2011,14,-
2011,15,-
2011,16,-
2011,17,-
2011,18,-
2011,19,-
2011,20,-
2011,21,-
2011,22,-
2011,23,-
2011,24,-
2011,25,-
2011,26,-
2011,27,-
2011,28,-
2011,29,-
2011,30,-
2011,31,-
2011,32,-
2011,33,-
2011,34,-
2011,35,-
2011,36,-
2011,37,-
2011,38,-
2011,39,-
2011,40,-
2011,41,-
2011,42,-
2011,43,-
2011,44,-
2011,45,-
2011,46,-
2011,47,-
2011,48,-
2011,49,-
2011,50,-
2011,51,-
2011,52,-
